person_id,name,age,address
P001,Karan Singh,52,Mumbai
P002,Priya Mishra,38,Jaipur
P003,Suresh Yadav,48,Pune
P004,Karan Jain,46,Ahmedabad
P005,Suresh Jain,48,Surat
P006,Rahul Yadav,61,Delhi
P007,Amit Patel,42,Bangalore
P008,Neha Das,57,Kolkata
P009,Karan Sharma,60,Hyderabad
P010,Karan Yadav,64,Mumbai
P011,Rahul Sharma,20,Chennai
P012,Priya Patel,31,Pune
P013,Vikram Verma,57,Bangalore
P014,Rahul Singh,24,Jaipur
P015,Priya Das,52,Mumbai
P016,Sunita Jain,40,Surat
P017,Karan Gupta,53,Chennai
P018,Priya Jain,20,Mumbai
P019,Karan Kumar,35,Pune
P020,Anjali Sharma,50,Delhi
P021,Amit Yadav,21,Kolkata
P022,Neha Das,59,Mumbai
P023,Rahul Sharma,39,Pune
P024,Neha Gupta,34,Jaipur
P025,Neha Sharma,21,Jaipur
P026,Ramesh Das,36,Hyderabad
P027,Sunita Singh,35,Delhi
P028,Neha Yadav,26,Bangalore
P029,Suresh Kumar,31,Mumbai
P030,Rahul Yadav,20,Kolkata
